company,count
Amazon,1647
Freelance,636
Kaiser Permanente,562
U.S. Bank,332
University of Wisconsin-Madison,244
Northwestern Mutual,200
Self-Employed,190
Genentech,175
Florida State University,165
Virginia Tech,153
State Farm,148
Duke Energy Corporation,135
University of South Florida,131
HCA Healthcare,130
Whirlpool Corporation,127
Oklahoma State University,125
University of North Texas,117
University of Connecticut,111
BD,103
The Kraft Heinz Company,100
Texas State University,99
NASA - National Aeronautics and Space Administration,98
University of North Carolina at Charlotte,96
University of Nebraska-Lincoln,94
Georgia Institute of Technology,91
The George Washington University,88
Rockwell Collins,83
Tufts University,81
T. Rowe Price,80
University of Chicago,77
Louisiana State University,77
iHeartMedia,73
Baylor University,73
National Park Service,73
University of Louisville,72
Epic,72
Kohler Co.,70
EMC,70
American Electric Power,67
Loyola Marymount University,65
Retired,64
Stanford University School of Medicine,64
University of Dayton,63
The Ohio State University Wexner Medical Center,63
Scripps Health,62
Baylor College of Medicine,62
Liberty University,62
Rensselaer Polytechnic Institute,61
Life Time Inc.,60
"BAE Systems, Inc.",60
"Starwood Hotels & Resorts Worldwide, Inc.",59
Federal Bureau of Investigation (FBI),59
Michigan Technological University,58
Continental,57
ScribeAmerica,56
Total Quality Logistics,56
Coldwell Banker Residential Brokerage,55
NewYork-Presbyterian Hospital,51
Alpha Phi International Fraternity,50
Keurig Dr Pepper Inc.,49
Dana-Farber Cancer Institute,48
Grand Valley State University,48
St. Luke's University Health Network,48
Success Academy Charter Schools,46
The University of Texas at El Paso,45
Wake Forest University,45
Equinox,44
Amtrak,44
Azusa Pacific University,44
Abercrombie & Fitch Co.,42
MITRE,41
WellSpan Health,41
University of North Florida,40
Arvest Bank,40
Oxy,40
City National Bank,39
N/A,39
Harris Teeter,38
Blue Cross Blue Shield of Michigan,38
Citizens,38
Compass,38
Miami Dade College,38
Alight Solutions,37
UMass Memorial Medical Center,36
Flex,36
Florida Hospital,36
Boy Scouts of America,35
Fordham University,35
Breakthru Beverage Group,34
ICF,34
Eastern Michigan University,34
Pacific Lutheran University,34
First Citizens Bank,33
Better,33
Weber Shandwick,33
University of Nebraska at Omaha,33
Guidehouse,32
NRG Energy,32
Samsung Electronics America,32
NASA Goddard Space Flight Center,31
Confidential,31
The Scotts Miracle-Gro Company,31
Zeta Tau Alpha Fraternity,31
RTI International,31
Public Consulting Group,30
GSA,30
Armstrong World Industries,29
Banana Republic,29
Idaho State University,29
Duquesne University,28
Change Healthcare,28
L.L.Bean,28
Personal Projects,28
Publix Pharmacy,28
Stephen F. Austin State University,28
Wake County Public School System,28
MAC Cosmetics,27
Corteva Agriscience,27
Crowe,27
Chevron Phillips Chemical Company,27
Oak Ridge National Laboratory,27
Alpha Kappa Psi,26
Hobart and William Smith Colleges,26
Truman State University,26
Follett Higher Education,25
Tufts Medical Center,25
Magellan Health,25
Samaritan Health Services,25
American Tower,24
Baldwin Wallace University,24
jcpenney,24
"Alpha Chi Omega Fraternity, Inc.",24
U.S. Navy Reserve,24
Express Employment Professionals,24
Coca-Cola Consolidated,24
Encore,24
Swagelok,24
Salt River Project,24
The Aerospace Corporation,24
U.S. Department of Energy (DOE),24
AMC Networks,23
Eddie Bauer,23
Toast,23
California State University-San Bernardino,23
Constellation,23
Eastern Washington University,23
Hannaford Supermarkets,22
Blackstone,22
Hospital for Special Surgery,22
Eastman Kodak Company,22
Various Companies,22
The New School,21
Michaels Stores,21
Regal,21
Dean Foods,21
Scholastic,21
Nabors Industries,21
The College Board,21
Umpqua Bank,21
Upstart,21
Carolinas Healthcare System,20
Men's Wearhouse,20
Barnes & Noble College,20
West Chester University of Pennsylvania,20
Achievement First,20
General Atomics,20
ViacomCBS,20
Triad,20
The Boston Beer Company,19
PAE,19
.,19
Penn State Health,19
BECU,19
XO Communications,19
Harbor Freight Tools,19
PacifiCorp,19
"The Bon-Ton Stores, Inc.",19
Puget Sound Energy,19
UC Health,19
"Newport News Shipbuilding, A Division of HII",18
Maryland Institute College of Art,18
Oshkosh Corporation,18
Huntsville Hospital,18
Plano ISD,18
United Launch Alliance (ULA),18
Portland Community College,18
East West Bank,18
The E.W. Scripps Company,18
Kaplan University,18
University of Wisconsin-Stevens Point,18
Moderna,18
Worthington Industries,18
University of Wisconsin-Platteville,18
Holiday Inn Club Vacations,17
Alsco,17
Indian Health Service,17
LKQ Corporation,17
Mercyhurst University,17
Modine Manufacturing Company,17
Cuyahoga Community College,17
Sheraton Hotels & Resorts,17
Wolverine Worldwide,17
Beacon Hill Staffing Group,16
Phi Mu Fraternity,16
Calvin University,16
Angelo State University,16
Omaha Public Schools,16
"California State University, Monterey Bay",16
Gymboree,16
Children's of Alabama,16
"Healthcare Services Group, Inc",16
Genuine Parts Company,16
Natera,16
Kyndryl,16
Pharmavite,16
Midwestern State University,16
NFP,16
Phi Delta Theta Fraternity,16
Horizon Air,15
Dominican University,15
Mediacom Communications,15
Coldwell Banker Realty,15
Peet's Coffee,15
Nucor Corporation,15
Texas Workforce Commission,15
First United Bank,15
Public Relations Student Society of America (PRSSA),15
Golden 1 Credit Union,15
"Rush Enterprises, Inc",15
State of Utah,15
United States Military Academy at West Point,15
University of Texas at Tyler,15
Barnard College,14
CBS News,14
"Bealls, Inc.",14
Crothall Healthcare,14
Cato Corporation,14
ConnectWise,14
ECS,14
Alma College,14
FIRST,14
Medica,14
Hawaii State Department of Education,14
Fox Corporation,14
Healthfirst,14
Rite Aid,14
Marshalls Convenience Stores,14
LifeBridge Health,14
Naval Facilities Engineering Systems Command (NAVFAC),14
Grand Rapids Community College,14
Manhattan College,14
Hawaii Pacific University,14
National Heritage Academies,14
Hub Group,14
New Balance,14
Rain For Rent,14
Wisconsin Department of Natural Resources (DNR),14
Taylor University,14
self employed,13
County of San Mateo,13
The HON Company,13
Cypress-Fairbanks ISD,13
West Pharmaceutical Services,13
Fresno Unified School District,13
Compuware,13
Feld Entertainment,13
"H&E Equipment Services, Inc.",13
Micro Center,13
Northside ISD,13
Park University,13
WhiteWave Foods,13
University of Central Arkansas,13
Wireless Vision,13
Clark Construction Group,12
"Brasfield & Gorrie, LLC",12
IEEE,12
CareerBuilder,12
Nelnet,12
EFI,12
Peoples Bank,12
Blue Cross and Blue Shield of Kansas City,12
Rady Children's Hospital-San Diego,12
Ste. Michelle Wine Estates,12
Chamberlain University,12
The Guitar Center Company,12
George P Johnson Experience Marketing,12
De Anza College,12
HMS,12
KIPP DC,12
Indigo,12
Maxim Healthcare Staffing,12
Magellan Health Services,12
Richmond Public Schools,12
Pasadena City College,12
Verizon Media,12
Blue Cross and Blue Shield of Nebraska,11
BoomTown - Real Estate Platform,11
Independent Consultant,11
Frontier Airlines,11
Our Lady of the Lake University,11
Hampton University,11
Power Home Remodeling,11
City of Greensboro,11
Vivint Solar,11
Oregon Health Authority,11
Generac Power Systems,11
Publicis Health Media,11
Design Within Reach,11
Robert Morris University,11
Los Angeles Times,11
Roseburg Forest Products,11
First Bank,11
Santa Clara Valley Medical Center,11
The Mill,11
Save A Lot,11
Rosendin,11
South Florida Water Management District,11
"U.S. Xpress, Inc.",11
Springboard,11
STP Nuclear Operating Company,11
Thumbtack,11
"Trinity Industries, Inc.",11
Altru Health System,10
Alpha Omicron Pi Fraternity,10
California Department of Justice,10
Gardner-Webb University,10
Cumulus Media,10
Arkansas State University,10
The Brookings Institution,10
Adtalem Global Education,10
University of Maryland Medical System,10
City of Detroit,10
USA TODAY,10
Phoenix Suns,10
Florida Army National Guard,10
Alzheimer's Association®,10
Fresenius Kabi USA,10
Unity,10
Hand & Stone Massage and Facial Spa,10
Cue Health,10
Oklahoma Christian University,10
Walla Walla University,10
"Sigma Nu Fraternity, Inc.",10
HITT Contracting Inc.,10
St. Norbert College,10
LSU Health Sciences Center New Orleans,10
Univision,10
Principia College,10
Sacred Heart Health System,10
The John F. Kennedy Center for the Performing Arts,10
Tyler ISD,10
VyStar Credit Union,10
AEG,9
Axiom,9
Barneys New York,9
Aspen Heights Partners,9
Bellagio,9
Borough of Manhattan Community College,9
CalOptima,9
AdaptHealth,9
Cingular Wireless,9
Boston Red Sox,9
City of Tallahassee,9
"Cheniere Energy, Inc.",9
College of Saint Benedict,9
Chicago Title,9
Delta Tau Delta International Fraternity,9
Ameritas,9
ETS,9
First Community Bank,9
John Brown University,9
Continental Resources,9
Newport Healthcare,9
Lactalis American Group,9
Rhode Island Hospital,9
Brooks Brothers,9
Madonna University,9
El Camino College,9
"MISTRAS Group, Inc.",9
Build-A-Bear Workshop,9
Northwestern State University,9
"FireEye, Inc.",9
Tactile Medical,9
CDM Smith,9
"Trilogy Health Services, LLC",9
Innovations for Poverty Action,9
City of Milwaukee,9
Johnsonville,9
Columbus State Community College,9
PATH,9
Cottage Health,9
Scripps College,9
Friends University,9
Scripps Research,9
Gateway,9
"Standish Management, LLC",9
Ouachita Baptist University,9
The Art Institutes,9
Purdue Pharma L.P.,9
Washington & Jefferson College,9
San Francisco Giants,9
Spectra,9
Texas Wesleyan University,9
American River College,8
Blue Cross Blue Shield Association,8
Bang Energy,8
Aegis Living,8
City of Tucson,8
Capstone Agency,8
Cornell University College of Veterinary Medicine,8
Bay Cove Human Services,8
"Equity LifeStyle Properties, Inc.",8
Conroe Independent School District,8
Houston Texans,8
Ameristar Casino,8
KLA,8
DECA Inc.,8
LAZ Parking,8
City and County of Honolulu,8
Military Sealift Command,8
EnerNOC,8
Murphy Oil Corporation,8
Bethpage Federal Credit Union,8
NA,8
McLaren Flint,8
"Schnuck Markets, Inc.",8
City of Santa Barbara,8
Service King Collision,8
NCH Healthcare System,8
Suffolk County Community College,8
Forbes,8
Welch Allyn,8
Phillips-Medisize,8
"Coborn's, Inc.",8
Poway Unified School District,8
Healthline Media,8
SanMar,8
Evergreen Packaging,8
Selective Insurance,8
Radancy,8
Exponent,8
Ringling College of Art and Design,8
Stewart & Stevenson,8
The Ohio State University Department of Athletics,8
Townsquare Interactive,8
Twin Cities Orthopedics,8
United Health Services,8
Vince,8
Baird & Warner,7
At Home Group Inc.,7
Builders FirstSource/Probuild,7
Aptive Environmental,7
Citadel,7
Austin College,7
College of DuPage,7
Atrium,7
Community College of Denver,7
BGB Group,7
ECU Health,7
AT&T Mobile Tel,7
Highline Public Schools,7
Brigham Young University–Hawaii,7
Honda Aircraft Company,7
BevMo!,7
Lettuce Entertain You Restaurants,7
City of Lakeland,7
MERGE,7
bareMinerals,7
Monarch,7
Eastern University,7
Peterbilt Motors Company,7
Children's Hospital & Medical Center - Omaha,7
Watco Companies LLC,7
Elevate,7
California Department of Rehabilitation,7
Golden State Warriors,7
Dome Construction,7
HRSD,7
Clinique,7
Museum of Science,7
Dura Automotive Systems LLC,7
Phoenix House,7
Composites One,7
Piper Aircraft,7
Dutchie,7
Rainbow Apparel Co,7
Evolve,7
State of Connecticut,7
Hancock Whitney,7
Stoel Rives LLP,7
Forum Energy Technologies,7
US Army Reserve,7
Henry Schein One,7
USEPA,7
iD Tech Camps,7
K&L Gates,7
"Morton Buildings, Inc.",7
Lovesac,7
NYS Office of Information Technology Services,7
MSNBC,7
PMG,7
National Church Residences,7
PrimeSource Building Products,7
Prometheus Real Estate Group,7
Rho,7
RadNet,7
San Diego Mesa College,7
Tellabs,7
Shift,7
Wesco,7
Trinity Health,7
"University of Michigan College of Literature, Science, and the Arts",7
Winston-Salem/Forsyth County Schools,7
Behavior Frontiers,6
ACS,6
Best Buddies International,6
-,6
BloomTech,6
Allan Hancock College,6
Branch,6
American Water,6
"Capstone Logistics, LLC",6
American College of Radiology,6
Charlotte Motor Speedway,6
Advocates,6
Chromalloy,6
Arizona Diamondbacks,6
Cold Spring Harbor Laboratory,6
ASCAP,6
College of Saint Benedict and Saint John’s University,6
Berkowitz Pollack Brant Advisors + CPAs,6
COOP,6
Atlantic Union Bank,6
"DSS, Inc.",6
Camuto Group,6
Hampden-Sydney College,6
Boise Cascade Company,6
home,6
City of Berkeley,6
Jack Link's Protein Snacks,6
CA,6
La Joya Independent School District,6
Emeritus,6
National Car Rental,6
Borgess Health,6
National University of Health Sciences,6
First State Bank,6
Northwest Center,6
California State University Maritime Academy,6
Pearland ISD,6
Harvey | Harvey-Cleary Builders,6
PFM,6
Carson Tahoe Health,6
PR Newswire,6
Lake County Schools,6
Stealth Startup,6
CCC Intelligent Solutions,6
WellSky,6
Metro,6
First American Bank,6
Mood Media,6
City of Saint Paul,6
NEC Corporation of America,6
Franklin Electric,6
Notre Dame of Maryland University,6
ClearCompany Talent Management Software,6
Olympic College,6
Goldman Sachs Ayco Personal Financial Management,6
Passport,6
Coast Property Management,6
Peter Millar,6
Hayneedle.com,6
Ports America,6
Collective,6
Simpson Strong-Tie,6
IMG Academy,6
St. John Health System,6
Daxko,6
State Fair Community College,6
Immaculata University,6
Union Square Hospitality Group,6
Edmunds,6
YMCA of Greater Grand Rapids,6
Ion Solar,6
Famous Dave's of America,6
Ipsos North America,6
Harmonic,6
Landry's,6
Husch Blackwell,6
Lowes Foods,6
JSX,6
"Noridian Healthcare Solutions, LLC",6
Kennewick School District,6
Olo,6
McAlister's Deli,6
Palo Alto Medical Foundation,6
National Audubon Society,6
PMA Companies,6
Nebraska Wesleyan University,6
Rend Lake College,6
Owensboro Health,6
Scale AI,6
PL Developments,6
SMG - Service Management Group,6
Southwest Key Programs,6
Starz,6
SuperValu,6
State of Texas,6
The Boelter Companies,6
The College of Idaho,6
TowneBank,6
Undertone,6
Vapotherm,6
"Vistar, A PFG Company",6
Veterinary Emergency Group,6
Wise,6
YMCA of Greater Providence,6
A.T. Still University,5
ADC,5
"ADS, Inc.",5
Acuity Insurance,5
Altura Credit Union,5
Admiral Beverage Corporation,5
ARC Document Solutions,5
"1st Cavalry Division, U.S. Army",5
BronxCare Health System,5
Albany Law School,5
Brown Harris Stevens,5
AutoAlert,5
Chester County Hospital/Penn Medicine,5
Bank Independent,5
CIEE Council on International Educational Exchange,5
Access Intelligence,5
Divisions Maintenance Group,5
Billy Graham Evangelistic Association,5
El Paso Community College,5
Bernhard,5
Filevine,5
Biorasi,5
Florida House of Representatives,5
American University Student Managed Investment Fund,5
Fullerton School District,5
Black Hills State University,5
GTB,5
Bolt,5
Hennepin Technical College,5
Care New England,5
M.M.LaFleur,5
Beebe Healthcare,5
Maryland Department of Human Services,5
CBS Television Distribution,5
MatrixCare,5
Brooks Rehabilitation,5
"McCrometer, Inc.",5
Cincinnati Public Schools,5
Mercer University,5
Berkeley County Schools WV,5
Oregon Department of Education,5
CRC Insurance Services,5
Palomar College,5
Brookstone,5
Pankow Builders,5
Curology,5
PetIQ,5
Chevrolet,5
PolyOne,5
Eagle Mountain-Saginaw ISD,5
PREIT,5
Cheyenne Regional Medical Center,5
Route,5
East Boston Neighborhood Health Center,5
Royal Credit Union,5
City of Boca Raton,5
Staples Stores,5
Enterprise Bank & Trust,5
Suffolk Public Schools,5
Cleveland-Cliffs,5
SXSW,5
Equian,5
Tapestry,5
CivicPlus,5
University of the Ozarks,5
Fairmont Scottsdale Princess,5
Virginia Commonwealth University School of Medicine,5
Columbia Daily Spectator,5
Volvo Trucks North America,5
Florida Division of Emergency Management,5
Young Automotive Group,5
College of the Ozarks,5
FPL FiberNet,5
Convergint Technologies,5
Interfaith Ministries for Greater Houston,5
College of the Sequoias,5
Jeunesse Global,5
Disney Store,5
Lazy Dog Restaurant & Bar,5
Community Trust Bank,5
Lock Haven University of Pennsylvania,5
Five Star Senior Living,5
Marine Credit Union,5
Dstillery,5
Millennium Health,5
Ford Audio-Video,5
"Mitsubishi Motors North America, Inc.",5
"Eden Housing, Inc.",5
Mosaic,5
Garratt-Callahan Company,5
Newport Mesa Unified School District,5
FAMILY PRESERVATION SERVICES,5
Niche,5
Greater Orlando Aviation Authority: Orlando International (MCO) and Executive (ORL) Airports,5
Oasis,5
Galvanize Inc,5
Outreach,5
Hampton Inn and Suites,5
PGA of America,5
Goodwill Central Texas,5
Progress,5
Handshake,5
Quill,5
HealthTrust Workforce Solutions,5
REC Silicon,5
HomeSmart,5
SavaSeniorCare Administrative Services LLC,5
KB Toys,5
"SOCi, Inc.",5
Palm Beach County,5
St. Charles Community Unit School District 303,5
Lakeview Hospital,5
The Venetian Resort Las Vegas,5
Publishers Clearing House,5
TransLoc,5
Lincoln Industries,5
TRG,5
Recovery Centers of America,5
Tusculum University,5
Los Angeles County Museum of Art (LACMA),5
University of Western States,5
Saint Francis Hospital,5
VIP Petcare,5
MEDHOST,5
San Joaquin County Office of Education,5
MSI,5
Santa Ana College,5
North Carolina Department of Public Instruction,5
Sierra Nevada College,5
Northwest University,5
St. John Providence,5
"OCHIN, Inc.",5
St. Louis Community College,5
Pennrose,5
The Good Feet Store,5
Republican National Committee,5
The Ohio State University Medical Center,5
SEKO Logistics,5
The Onion,5
Tempe Elementary School District,5
The Union League of Philadelphia,5
The Beverly Hilton,5
U.S. Committee for Refugees and Immigrants (USCRI),5
The Daily Evergreen,5
U.S. Soccer Federation,5
The RMR Group,5
United Way of Connecticut,5
University of Louisiana Monroe,5
"101st Airborne Division, U.S. Army",4
"A Second Chance, Inc.",4
ACDI/VOCA,4
AAPC,4
Align,4
Aegis Sciences Corporation,4
ALKU,4
Ancora Education,4
Alliance College-Ready Public Schools,4
Allen Tate Companies,4
Allied Electronics & Automation,4
Allegheny County,4
American Enterprise Institute,4
American Eagle Airlines,4
Anaheim Union High School Dst,4
Cache Valley Bank,4
Ardent Mills,4
"BioScrip, Inc.",4
Barona Resort & Casino,4
AppHarvest,4
By Light Professional IT Services,4
Birmingham Public Schools,4
CCS,4
Camber Corporation,4
CentiMark Corporation,4
Black Rifle Coffee Company,4
City of Rancho Cucamonga,4
Arizona Department of Public Safety,4
City of Worcester,4
"Capital City Bank Group, Inc.",4
ConServe,4
Canton-Potsdam Hospital,4
Continuum,4
CBS Studios,4
Corporate Office Properties Trust,4
Aspen Insurance Group,4
CSI Companies,4
Chico Unified School District,4
Daytona State College,4
CNB Bank,4
East Bay Regional Park District,4
City of Citrus Heights,4
Florida Department of Financial Services,4
Axis Communications,4
Fresh Mark Inc.,4
Collegiate Academies,4
Fundrise,4
Cogent Communications,4
Gensco Inc,4
Community Reach Center,4
Goodwin University,4
better earth,4
IEM,4
Doster Construction Company,4
IES Abroad,4
Concord Group Insurance,4
Impac Mortgage Corp.,4
Eversight,4
Joint Commission Resources,4
Blue Nile,4
KapStone Paper and Packaging Corporation,4
Fairbanks North Star Borough School District,4
lululemon Studio,4
Connor Group,4
M1,4
Farmers National Company,4
Maret School,4
Careington International Corporation,4
Markforged,4
Fieldwood Energy LLC,4
Marshall Medical Centers,4
"Coordinated Care Services, Inc. (CCSI)",4
MasTec,4
Fishbowl,4
Mauser Packaging Solutions,4
City of Vacaville,4
MedData,4
Great Basin College,4
Milton CAT,4
DoSomething.org,4
Momentum,4
Harsco Rail,4
Motel 6,4
Clever Inc.,4
NCSA College Recruiting,4
Henry Schein Animal Health,4
New York State Division of the Budget,4
Ecova,4
"Offit Kurman, P.A.",4
Imagine Learning,4
Overtime,4
Colorado Access,4
Pacific Seafood,4
"INTREN, LLC",4
Penn Interactive,4
Elkus Manfredi Architects,4
Pet Food Express,4
Iris,4
Recursion,4
Conference of State Bank Supervisors (CSBS),4
Rise Interactive,4
ISS Facility Services - North America,4
School of Rock,4
Eyemart Express,4
"Solera, Inc.",4
ITHAKA,4
Spectrum Business,4
Conill Advertising,4
Stella & Dot,4
Judson ISD,4
SUNY Broome Community College,4
Forest City Realty Trust,4
SWIFT,4
Kensington Community Church,4
The Alinea Group,4
County of Marin,4
The American Institute of Architects (AIA),4
"Keystone Automotive Industries, Inc.",4
Travel Impressions,4
GHX,4
Unified,4
KLJ,4
University of Cincinnati - College of Engineering and Applied Science,4
County of Tulare,4
USPS OIG,4
Maher Duessel,4
Ventura Unified School District,4
"Glacier Bancorp, Inc.",4
Western Electric,4
Natural Life,4
Yale School of Management,4
Credible,4
YRCI,4
Palmer College of Chiropractic,4
Zane State College,4
Identity Group,4
Protection Strategies Incorporated,4
Crete Carrier Corporation,4
Purdue University Northwest,4
iFixit,4
Skyward,4
CSI DMC,4
Solid Ground,4
Integrate,4
SourceLink,4
Cypress College,4
Tend,4
Little Tikes,4
Tennis Express,4
Dandy,4
Texas Water Development Board,4
Loffler Companies,4
U.S. Army Materiel Command,4
Drexel University College of Engineering,4
UNTUCKit,4
Los Angeles LGBT Center,4
US Army TRADOC,4
Dysart Unified School District,4
Walker Edison,4
McMurry University,4
Xaverian High School,4
Edifecs,4
Yieldbot,4
Miriam's Kitchen,4
YMCA of South Hampton Roads,4
EEOC,4
Momentum Solar,4
Eisenhower Health,4
MTX Group,4
Fordham University School of Law,4
Newport,4
FRITO LAY INC,4
"North American Breweries, Inc.",4
Ginger,4
Oakwood,4
Greenleaf Hospitality Group,4
Oklahoma Attorney General's Office,4
Groove,4
Paradise Valley Community College,4
HSHS St. Vincent Hospital Green Bay,4
PAX,4
Illinois Enactus,4
Peoria Unified School District,4
Jewel Food Stores,4
PGi,4
LandCare LLC,4
Pinnacle Financial Partners,4
Leaf Home,4
Public Health Management Corporation,4
Lewis Energy Group,4
Public Health Solutions,4
Lifetime Products,4
Raleigh Orthopaedic,4
Lucasfilm,4
SEH,4
M3 Global Research,4
SMG | Worldwide Entertainment & Convention Venue Management,4
"Mercy Medical Center, Canton, Ohio",4
Southern Wesleyan University,4
MorganFranklin Consulting,4
Southwestern Company,4
Omnitracs,4
Stellar,4
Paul Mitchell Schools,4
Stetson University College of Law,4
Reading Area Community College,4
The Badger Herald,4
Real Estate One,4
The Ithacan,4
Rocky Mountain University of Health Professions,4
Thrive Scholars,4
SC Department of Health and Human Services,4
Toyota Motor Sales,4
Shields Health Solutions,4
Treehouse,4
St. Joseph Medical Center,4
US Government,4
Stowers Institute for Medical Research,4
Vinfen,4
Sullivan University,4
VMG Health,4
The Guild,4
Wells Fargo Insurance Services,4
UCF Student Union,4
Zuckerberg San Francisco General Hospital and Trauma Center,4
Wells College,4
A.C. Moore,3
Alfred State College - SUNY College of Technology,3
ABC,3
AAF International (American Air Filter),3
ACS Solutions,3
American Marketing Association SDSU,3
AEP SPAN,3
A2LA,3
Allworth Financial,3
